course,id,last_name,first_name,email,phone
CSC110a,228229,Bale,Allianora,abale0@cdbaby.com,161-231-3382
CSC110a,205003,Joesbury,Sheilah,sjoesbury1@edublogs.org,888-518-2527
CSC110a,184945,Asman,Renata,rasman2@nih.gov,404-513-9887
CSC110a,185545,Ottawell,Linnet,lottawell3@lycos.com,764-323-4120
CSC110a,270858,Passion,Jaymee,jpassion4@usgs.gov,291-687-2162
CSC110a,248947,Izatson,Cornie,cizatson5@bravesites.com,815-353-4886
CSC110a,165784,Tawn,Iggy,itawn6@people.com.cn,764-903-6885
CSC110a,125681,Chinnery,Christie,cchinnery7@stanford.edu,705-891-4823
CSC110a,205798,Scarlan,Florina,fscarlan8@kickstarter.com,707-567-4444
CSC110a,151591,Moen,Bentlee,bmoen9@arstechnica.com,724-286-5680
CSC110a,152664,Worge,Fraser,fworgea@dropbox.com,924-641-3333
CSC110a,183497,Kilpatrick,Meryl,mkilpatrickb@msu.edu,197-137-2099
CSC110a,131236,Busse,Kimberley,kbussec@archive.org,181-951-3561
CSC110a,299676,Etter,Rakel,retterd@tinypic.com,287-903-2950
CSC110a,179478,Burgis,Ban,bburgise@dot.gov,351-240-4015
CSC110a,168564,Jaegar,Pearla,pjaegarf@smh.com.au,966-702-8072
CSC110a,288894,Doone,Nonnah,ndooneg@adobe.com,297-668-0916
CSC110a,256303,Ellar,Fredrika,fellarh@usda.gov,535-165-6797
CSC110a,116190,O'Spellissey,Dorine,dospellisseyi@deviantart.com,479-487-8508
CSC110a,131126,Amer,Sauncho,samerj@miitbeian.gov.cn,387-514-1547
CSC110a,136073,Ullrich,Merilyn,mullrichk@paypal.com,829-190-2423
CSC110a,164223,Casburn,Amil,acasburnl@gizmodo.com,958-284-8877
CSC110a,194878,Espie,Winny,wespiem@delicious.com,921-685-1320
CSC110a,221486,Nanni,Georas,gnannin@amazon.co.jp,252-683-6505
CSC110b,204710,Scholes,Adolf,ascholeso@intel.com,125-290-2502
CSC110b,230107,Moorcraft,Samuel,smoorcraftp@jalbum.net,708-625-9781
CSC110b,230022,Merrilees,Quincey,qmerrileesq@lycos.com,738-184-3681
CSC110b,274996,Deverall,Elden,edeverallr@yandex.ru,791-489-6675
CSC110b,125212,Buttriss,Jacquetta,jbuttrisss@auda.org.au,246-501-2519
CSC110b,135281,Siegertsz,Spenser,ssiegertszt@whitehouse.gov,439-581-5852
CSC110b,176610,Ryves,Lura,lryvesu@example.com,368-540-6824
CSC110b,137057,Marshland,Marianna,mmarshlandv@wordpress.com,121-482-3371
CSC110b,122094,Hanscom,Cilka,chanscomw@rakuten.co.jp,904-118-6435
CSC110b,164425,Aveson,Faustine,favesonx@blogger.com,271-507-6167
CSC110b,196719,Brosius,Vasili,vbrosiusy@unesco.org,625-900-9507
CSC110b,200129,Rasp,Jules,jraspz@archive.org,417-676-3025
CSC110b,209940,Pedden,Sharity,spedden10@networksolutions.com,674-204-4680
CSC110b,147017,Palffrey,Chev,cpalffrey11@addtoany.com,784-931-5464
CSC110b,271904,Belderfield,Sibelle,sbelderfield12@jugem.jp,774-665-1830
CSC110b,213107,Sully,Hayden,hsully13@desdev.cn,696-794-7729
CSC110b,143699,Geipel,Dyanne,dgeipel14@i2i.jp,784-878-7979
CSC110b,205809,Vasyuchov,Salomi,svasyuchov15@deliciousdays.com,273-706-7221
CSC110b,125836,Human,Octavius,ohuman16@hud.gov,859-121-4893
CSC110b,114117,Odhams,Koo,kodhams17@imgur.com,581-314-9628
CSC110b,293204,Lambertini,Carolin,clambertini18@youku.com,217-367-3996
CSC110b,272239,Jammes,Devland,djammes19@senate.gov,787-521-2616
CSC110b,188408,Lefridge,Othilia,olefridge1a@vkontakte.ru,376-687-0819
CSC110b,124466,Whittington,Michaella,mwhittington1b@blogtalkradio.com,281-426-1074
CSC110b,246087,Josebury,Mark,mjosebury1c@nsw.gov.au,364-856-9801
CSC110b,165149,Earwaker,Portia,pearwaker1d@mit.edu,648-177-3596
CSC110b,151142,Cutmare,Angil,acutmare1e@foxnews.com,856-587-2046
CSC110c,101758,Weine,Jethro,jweine1f@skype.com,617-669-8089
CSC110c,190736,Bownd,Griffin,gbownd1g@friendfeed.com,611-169-6303
CSC110c,240529,Simonsson,Sissy,ssimonsson1h@soundcloud.com,378-763-0822
CSC110c,115051,Hedau,Dur,dhedau1i@wordpress.com,946-830-4242
CSC110c,233032,Derbyshire,Fayette,fderbyshire1j@umich.edu,360-150-8552
CSC110c,142059,Caccavale,Christalle,ccaccavale1k@slideshare.net,387-457-8138
CSC110c,286017,Quested,Mortie,mquested1l@examiner.com,373-764-9403
CSC110c,145374,Deedes,Cinderella,cdeedes1m@tripod.com,879-184-0338
CSC110c,104476,Peascod,Rhodie,rpeascod1n@ehow.com,850-516-7829
CSC110c,188262,Downham,Callean,cdownham1o@adobe.com,334-619-7244
CSC110c,128600,Dinkin,Inesita,idinkin1p@blog.com,398-178-2718
CSC110c,194939,Cornfoot,Cristin,ccornfoot1q@cbslocal.com,764-935-2313
CSC110c,156286,Wittey,Felice,fwittey1r@indiegogo.com,708-942-4292
CSC110c,261983,Cochet,Janette,jcochet1s@comcast.net,124-929-2127
CSC110c,207538,Maginn,Jodie,jmaginn1t@buzzfeed.com,552-794-5729
CSC110c,292175,Britee,Ulises,ubritee1u@printfriendly.com,259-800-2759
CSC110c,129719,Pedrocchi,Mariel,mpedrocchi1v@china.com.cn,559-534-9235
CSC110c,231243,Juste,Kaila,kjuste1w@berkeley.edu,820-225-8953
CSC110c,149619,Cornock,Alair,acornock1x@apple.com,811-472-9702
CSC110c,214802,Menham,Darrin,dmenham1y@e-recht24.de,901-987-9154
CSC110c,127756,Bigglestone,Fifine,fbigglestone1z@sina.com.cn,376-906-8802
CSC110c,177603,Calderhead,Izak,icalderhead20@nature.com,419-586-8648
CSC110c,116066,Vayne,Cindee,cvayne21@discuz.net,223-997-8471
CSC110c,292217,Zamora,Tammy,tzamora22@virginia.edu,929-256-1434
CSC110d,114764,Coie,Berry,bcoie23@hp.com,634-226-7375
CSC110d,109468,Simionato,Shelby,ssimionato24@eepurl.com,947-431-8593
CSC110d,165845,Verheijden,Wang,wverheijden25@rakuten.co.jp,509-338-4326
CSC110d,146767,Golly,Henrie,hgolly26@technorati.com,275-809-2493
CSC110d,105571,Smidmoor,Terrence,tsmidmoor27@telegraph.co.uk,441-838-8468
CSC110d,229847,Sillars,Kissie,ksillars28@arizona.edu,297-966-3341
CSC110d,144119,Navan,Bevon,bnavan29@nasa.gov,459-997-7908
CSC110d,216362,Antusch,Reinaldos,rantusch2a@vinaora.com,131-428-7767
CSC110d,152915,Trodd,Arley,atrodd2b@home.pl,722-820-2317
CSC110d,253616,Diggens,Bethena,bdiggens2c@unc.edu,176-692-5945
CSC110d,140439,Woodburn,Louisette,lwoodburn2d@alexa.com,704-710-1440
CSC110d,281103,Rigglesford,Darill,drigglesford2e@dagondesign.com,210-902-7645
CSC110d,211091,Chenery,Ashla,achenery2f@chron.com,791-478-9345
CSC110d,103862,Midford,Marnia,mmidford2g@163.com,434-956-3244
CSC110d,190201,Kliesl,Roley,rkliesl2h@i2i.jp,635-501-6097
CSC110d,238185,Wanstall,Myrna,mwanstall2i@pinterest.com,902-713-9428
CSC110d,137984,Cambell,Wat,wcambell2j@google.de,132-241-3826
CSC110d,251256,Mableson,Livvy,lmableson2k@trellian.com,556-375-8852
CSC110d,248421,Mattiuzzi,Sawyer,smattiuzzi2l@goodreads.com,460-785-7290
CSC110d,112421,Grosvener,Hayes,hgrosvener2m@jimdo.com,813-122-0800
CSC110d,203413,Flippen,Alla,aflippen2n@sitemeter.com,898-756-6331
CSC110d,269275,Swale,Deedee,dswale2o@163.com,412-260-0058
CSC110d,259061,Hillen,Daffi,dhillen2p@vimeo.com,480-752-9588
CSC110d,116503,Jehu,Elinore,ejehu2q@buzzfeed.com,185-593-2883
CSC110d,105946,McCrow,Pincus,pmccrow2r@slashdot.org,622-807-0936
CSC110d,233176,Speedy,Judah,jspeedy2s@t-online.de,790-483-6548
CSC110d,144140,Mongain,Neille,nmongain2t@harvard.edu,813-700-2230
CSC110d,136923,McQuilty,Rhona,rmcquilty2u@webeden.co.uk,197-208-6770
CSC110d,200143,Debrett,Seamus,sdebrett2v@mapy.cz,227-645-9390
CSC110d,277492,Duffield,Kerwin,kduffield2w@mit.edu,648-262-6154
CSC110e,269047,Kempshall,West,wkempshall2x@wired.com,630-831-7380
CSC110e,243605,Simson,Hestia,hsimson2y@howstuffworks.com,130-705-1344
CSC110e,250403,Whitechurch,Nigel,nwhitechurch2z@gravatar.com,882-913-1877
CSC110e,177547,Itschakov,Dita,ditschakov30@friendfeed.com,459-169-8175
CSC110e,161040,Tomczak,Abby,atomczak31@slideshare.net,461-917-0936
CSC110e,161677,Bridgstock,Phylys,pbridgstock32@shinystat.com,556-451-2276
CSC110e,210208,Haukey,Laura,lhaukey33@google.com.hk,540-629-9291
CSC110e,286274,Sedger,Benito,bsedger34@issuu.com,606-274-1426
CSC110e,282393,Loram,Reggie,rloram35@stumbleupon.com,538-985-4785
CSC110e,275897,Dikels,Morten,mdikels36@nasa.gov,815-173-6590
CSC110e,159104,Brunstan,Candie,cbrunstan37@earthlink.net,278-664-7368
CSC110e,146286,Phipard-Shears,Weider,wphipardshears38@addthis.com,327-276-1470
CSC110e,153017,Henfre,Sybilla,shenfre39@nydailynews.com,448-566-4102
CSC110e,257993,Alwin,Roslyn,ralwin3a@biblegateway.com,294-513-1031
CSC110e,109996,Orgee,Umberto,uorgee3b@eepurl.com,650-506-3500
CSC110e,208734,Barkley,Morgen,mbarkley3c@parallels.com,368-250-5075
CSC110e,212866,Plitz,Bank,bplitz3d@foxnews.com,409-454-6810
CSC110e,108553,Stucke,Torrey,tstucke3e@prnewswire.com,468-625-7021
CSC110e,278444,Knappitt,Betsey,bknappitt3f@senate.gov,830-334-1120
CSC110e,109619,Corbett,Clarance,ccorbett3g@123-reg.co.uk,100-680-5802
CSC110e,102338,Lefeaver,Hasheem,hlefeaver3h@ted.com,833-376-5863
CSC110e,118107,Abbado,Joice,jabbado3i@geocities.jp,112-221-2886
CSC110e,166904,Imlock,Samson,simlock3j@twitter.com,213-109-0682
CSC110e,154866,Kleingrub,Gabbie,gkleingrub3k@google.de,759-737-8209
CSC110e,205222,Dedenham,Theo,tdedenham3l@cafepress.com,203-533-5590
CSC110e,234562,Witson,Averill,awitson3m@wordpress.org,110-568-1809
CSC110f,230178,Jewitt,Marlie,mjewitt3n@typepad.com,388-556-9615
CSC110f,189907,Triggs,Lauraine,ltriggs3o@arstechnica.com,152-485-8226
CSC110f,171413,Kemble,Siegfried,skemble3p@google.it,701-530-3001
CSC110f,152765,Beadnell,Randy,rbeadnell3q@elpais.com,194-125-9647
CSC110f,183118,Ciccarelli,Lalo,lciccarelli3r@seesaa.net,440-285-4780
CSC110f,226778,Anning,Court,canning3s@typepad.com,141-677-1310
CSC110f,207325,Barbosa,Godwin,gbarbosa3t@exblog.jp,760-274-3041
CSC110f,166613,Taylor,Jayme,jtaylor3u@jimdo.com,312-689-4890
CSC110f,170180,Witherden,Timothy,twitherden3v@facebook.com,340-574-7798
CSC110f,209625,Edwick,Fedora,fedwick3w@sphinn.com,498-268-5539
CSC110f,261015,Beels,Ricca,rbeels3x@360.cn,516-693-0375
CSC110f,262629,Ducket,Monah,mducket3y@bandcamp.com,528-612-6489
CSC110f,260173,Whitcomb,Joyan,jwhitcomb3z@senate.gov,888-122-4194
CSC110f,289602,Springham,Sabine,sspringham40@usnews.com,524-777-1625
CSC110f,175344,Prati,Alison,aprati41@symantec.com,295-204-9814
CSC110f,195968,Gravenell,Aluin,agravenell42@gizmodo.com,339-472-4947
CSC110f,217722,Nijssen,Shay,snijssen43@jiathis.com,189-503-2448
CSC110f,147996,Havile,Eugine,ehavile44@wunderground.com,485-381-5335
CSC110f,218512,Yakovl,Perl,pyakovl45@google.it,195-980-1725
CSC110f,264146,Kelloway,Angelina,akelloway46@bloglines.com,157-126-3244
CSC110f,221777,Sagerson,Cherianne,csagerson47@businessweek.com,568-467-7536
CSC110f,123977,Harg,Florida,fharg48@hibu.com,108-762-2067
CSC110f,209628,Candie,Mose,mcandie49@tmall.com,689-511-3286
CSC110f,208698,Marshall,Waldo,wmarshall4a@odnoklassniki.ru,497-237-2572
CSC110f,148129,Ralston,Findley,fralston4b@wikipedia.org,340-614-8471
CSC110f,194749,Riseborough,Mathias,mriseborough4c@bloomberg.com,351-483-0845
CSC110f,172206,Camoletto,Cally,ccamoletto4d@indiegogo.com,992-953-8858
CSC110f,244246,Wind,Analise,awind4e@census.gov,574-973-6605
CSC110g,216257,Fladgate,Stephana,sfladgate4f@spotify.com,215-336-7199
CSC110g,128825,Hallen,Marsiella,mhallen4g@hc360.com,996-899-3853
CSC110g,250083,Fausset,Elayne,efausset4h@tamu.edu,157-209-4222
CSC110g,287523,Fenby,Wadsworth,wfenby4i@dell.com,716-263-7140
CSC110g,280067,Powelee,Aura,apowelee4j@dagondesign.com,892-243-6590
CSC110g,241053,Kinavan,Zilvia,zkinavan4k@cbslocal.com,915-413-2786
CSC110g,131353,Barrim,Annemarie,abarrim4l@mapquest.com,546-378-8174
CSC110g,129422,Ebanks,Alonso,aebanks4m@theguardian.com,644-165-8576
CSC110g,205836,Lanktree,Arabelle,alanktree4n@example.com,140-252-3342
CSC110g,198142,Hunnicot,Zelig,zhunnicot4o@newyorker.com,907-983-9563
CSC110g,129975,Brookes,Russell,rbrookes4p@naver.com,514-650-7555
CSC110g,130620,Alberti,Ginger,galberti4q@mlb.com,415-567-1915
CSC110g,290180,Metzig,Torrin,tmetzig4r@xinhuanet.com,585-160-5817
CSC110g,247150,Tarborn,Lexie,ltarborn4s@exblog.jp,911-927-3869
CSC110g,254781,Capin,Tabor,tcapin4t@ftc.gov,156-115-6914
CSC110g,266263,Seabourne,Jaclin,jseabourne4u@weebly.com,481-808-3208
CSC110g,136487,O'Kenny,Meyer,mokenny4v@ask.com,188-742-7339
CSC110g,297586,Foan,Bird,bfoan4w@163.com,450-633-9043
CSC110g,188062,Twinn,Callean,ctwinn4x@exblog.jp,790-794-7680
CSC110g,104322,Yarranton,Camel,cyarranton4y@army.mil,432-639-6638
CSC110g,148595,Brussels,Piper,pbrussels4z@technorati.com,474-667-1820
CSC110g,267695,Chedgey,Ernestus,echedgey50@princeton.edu,906-941-1795
CSC110g,264324,Mourton,Ashlee,amourton51@bandcamp.com,174-716-5419
CSC110g,185097,McGlade,Ky,kmcglade52@printfriendly.com,350-840-5220
CSC110g,184633,Learmouth,Gardy,glearmouth53@dedecms.com,621-296-7798
CSC110g,180993,Garett,Regina,rgarett54@slate.com,507-388-4467
CSC110g,113025,Bea,Dennet,dbea55@imgur.com,569-505-7974
CSC110h,178520,Stert,Rozele,rstert56@themeforest.net,937-183-1066
CSC110h,297564,Banker,Maynord,mbanker57@google.co.jp,393-898-7901
CSC110h,116074,Yusupov,Euphemia,eyusupov58@latimes.com,928-574-1108
CSC110h,152416,Rucklidge,Tommie,trucklidge59@phoca.cz,264-393-4549
CSC110h,166872,Suart,Margalo,msuart5a@gizmodo.com,365-464-5057
CSC110h,217524,Greveson,Arlene,agreveson5b@mtv.com,535-964-5207
CSC110h,269209,Francesco,Lyndell,lfrancesco5c@quantcast.com,213-287-4230
CSC110h,208127,Drabble,Cyrill,cdrabble5d@amazonaws.com,323-236-8766
CSC110h,240956,Degli Abbati,Christal,cdegliabbati5e@ibm.com,878-989-9673
CSC110h,127233,Thrasher,Fae,fthrasher5f@wordpress.org,435-562-1146
CSC110h,193669,Puckrin,Hamlen,hpuckrin5g@sbwire.com,488-601-8928
CSC110h,244502,Trout,Phylys,ptrout5h@parallels.com,353-630-3810
CSC110h,260962,Ivell,Tish,tivell5i@engadget.com,399-261-5595
CSC110h,204218,Johnstone,Cecelia,cjohnstone5j@prlog.org,307-891-5803
CSC110h,191787,Kneller,Claudette,ckneller5k@rambler.ru,931-592-6906
CSC110h,232913,Plewes,Jewelle,jplewes5l@gizmodo.com,693-858-3728
CSC110h,261014,Acomb,Ludwig,lacomb5m@themeforest.net,621-227-7431
CSC110h,218099,Bradman,Lesley,lbradman5n@time.com,217-209-6162
CSC110h,118255,Stairmond,Leonelle,lstairmond5o@columbia.edu,317-728-6895
CSC110h,233301,Lively,Edgard,elively5p@google.cn,862-317-3814
CSC110h,294977,Duly,Virginia,vduly5q@howstuffworks.com,735-223-2967
CSC110h,293530,Castree,Smitty,scastree5r@cbslocal.com,452-825-3916
CSC110h,279773,Kaines,Lionello,lkaines5s@github.com,601-380-3935
CSC110h,298709,Gilluley,Julius,jgilluley5t@mediafire.com,460-270-3888
CSC110h,166791,Bartrap,Monica,mbartrap5u@ftc.gov,275-126-1836
CSC142a,137578,Grimshaw,Violet,vgrimshaw5v@macromedia.com,530-629-8147
CSC142a,197636,Calfe,Otis,ocalfe5w@dagondesign.com,123-839-4480
CSC142a,154558,Tregale,Bev,btregale5x@1und1.de,368-894-7132
CSC142a,170090,McLennan,Jerrold,jmclennan5y@bing.com,744-496-6542
CSC142a,147239,Grigorkin,Kriste,kgrigorkin5z@eepurl.com,544-907-0047
CSC142a,240896,Fisby,Vickie,vfisby60@ifeng.com,593-242-7057
CSC142a,253329,Booton,Elie,ebooton61@smugmug.com,660-323-2106
CSC142a,156189,Fitzer,Rosalyn,rfitzer62@photobucket.com,338-381-4636
CSC142a,202687,Gaylord,Grethel,ggaylord63@bbb.org,585-620-3070
CSC142a,232159,Stillman,Marcelle,mstillman64@ted.com,420-702-0737
CSC142a,186472,Karpeev,Eadie,ekarpeev65@woothemes.com,351-896-1511
CSC142a,153512,Le Brun,Keir,klebrun66@scientificamerican.com,475-491-1214
CSC142a,243717,Ebbotts,Josie,jebbotts67@ask.com,601-883-2615
CSC142a,183229,Fox,Darci,dfox68@1und1.de,256-506-0392
CSC142a,262666,Stainton - Skinn,Dorian,dstaintonskinn69@fotki.com,775-939-8579
CSC142a,233984,Footitt,Harlene,hfootitt6a@theglobeandmail.com,709-812-8215
CSC142a,158041,Croizier,Nikolaus,ncroizier6b@sogou.com,488-775-7685
CSC142a,249969,Gunstone,Hurleigh,hgunstone6c@walmart.com,914-467-0851
CSC142a,292106,Gunstone,Rosemaria,rgunstone6d@wikia.com,810-101-7982
CSC142a,246652,Baudino,Staci,sbaudino6e@livejournal.com,910-887-3137
CSC142a,169810,Strognell,Leesa,lstrognell6f@nyu.edu,208-976-3071
CSC142a,176794,Toombs,Kelsey,ktoombs6g@dropbox.com,840-534-4116
CSC142a,143421,Peperell,Adrian,apeperell6h@cnbc.com,770-903-6576
CSC142a,167257,Yandle,Gabby,gyandle6i@cocolog-nifty.com,423-375-3677
CSC142a,120005,Joao,Renelle,rjoao6j@tamu.edu,802-167-7747
CSC142a,177192,McArdle,Claudius,cmcardle6k@state.gov,867-890-3552
CSC142a,196052,Ketchell,Claudie,cketchell6l@tuttocitta.it,410-964-5722
CSC142a,277890,Singh,Henrie,hsingh6m@geocities.com,273-608-3745
CSC142a,195940,Spawell,Dynah,dspawell6n@google.es,884-566-4637
CSC142b,200001,Caplen,Blaire,bcaplen6o@google.de,205-925-9264
CSC142b,258504,Iacovini,Jeanelle,jiacovini6p@usnews.com,913-729-8545
CSC142b,212604,Samsworth,Patsy,psamsworth6q@state.tx.us,325-317-8376
CSC142b,116216,Chazelas,Hernando,hchazelas6r@ucoz.ru,845-823-2293
CSC142b,172431,Winsome,Ami,awinsome6s@marketwatch.com,184-212-6399
CSC142b,111763,Tallquist,Dewey,dtallquist6t@ted.com,122-505-0230
CSC142b,210138,Jeakins,Theodore,tjeakins6u@cocolog-nifty.com,352-466-2226
CSC142b,108075,Beart,Maurits,mbeart6v@msn.com,222-667-8034
CSC142b,195744,Mulcahy,Emmery,emulcahy6w@google.it,556-488-1197
CSC142b,135026,Gookey,Gayla,ggookey6x@ameblo.jp,238-602-2515
CSC142b,179981,Rockcliff,Orlan,orockcliff6y@hao123.com,690-607-9123
CSC142b,107366,Amey,Kellia,kamey6z@constantcontact.com,292-895-3327
CSC142b,267672,Ovitz,Helyn,hovitz70@bloomberg.com,521-926-7423
CSC142b,243607,Nanni,Eileen,enanni71@hibu.com,431-474-3013
CSC142b,207406,Maple,Tobin,tmaple72@posterous.com,860-648-8162
CSC142b,116302,Caustic,Marris,mcaustic73@nymag.com,700-950-0081
CSC142b,159327,Snoad,Kristoforo,ksnoad74@wikia.com,722-614-4937
CSC142b,176539,Barrar,Issi,ibarrar75@dmoz.org,483-731-8997
CSC142b,256806,Camies,Oren,ocamies76@mtv.com,414-957-0665
CSC142b,211906,Riddell,Fawn,friddell77@salon.com,632-675-2315
CSC142b,213076,Rasp,Korie,krasp78@facebook.com,336-626-6424
CSC142b,235136,Dugall,Lewiss,ldugall79@t.co,684-211-1179
CSC142b,191580,Losano,Laney,llosano7a@adobe.com,660-792-5236
CSC142b,233854,Long,Silvain,slong7b@ft.com,164-434-5030
CSC142c,171158,Jennick,Una,ujennick7c@nbcnews.com,977-154-2688
CSC142c,238196,Hawson,Roslyn,rhawson7d@washington.edu,250-901-2799
CSC142c,234360,Pendergrast,Theressa,tpendergrast7e@cyberchimps.com,346-189-5783
CSC142c,227584,Nolot,Gennifer,gnolot7f@flickr.com,464-363-1552
CSC142c,233258,Tapley,Fanni,ftapley7g@independent.co.uk,435-157-2257
CSC142c,274817,Duggleby,Ned,nduggleby7h@utexas.edu,109-695-2920
CSC142c,282712,Goatman,Elnore,egoatman7i@archive.org,985-278-7855
CSC142c,101738,Sambrok,Sherrie,ssambrok7j@columbia.edu,514-962-0678
CSC142c,282050,Peever,Chlo,cpeever7k@macromedia.com,283-171-0156
CSC142c,172200,FitzGibbon,Liane,lfitzgibbon7l@cam.ac.uk,253-321-4286
CSC142c,247109,Treppas,Charmine,ctreppas7m@boston.com,550-382-7058
CSC142c,202888,Frewer,Lenka,lfrewer7n@scientificamerican.com,568-718-4886
CSC142c,299940,Luddy,Emelia,eluddy7o@globo.com,752-767-7158
CSC142c,257797,Nation,Steward,snation7p@hatena.ne.jp,381-442-8676
CSC142c,298931,Farlane,Raff,rfarlane7q@tumblr.com,746-395-8766
CSC142c,102792,Mayell,Valenka,vmayell7r@techcrunch.com,644-296-0407
CSC142c,255979,Penzer,Jordain,jpenzer7s@ovh.net,410-711-1309
CSC142c,161966,McDougald,Omar,omcdougald7t@ox.ac.uk,142-672-7419
CSC142c,275566,Costan,Johan,jcostan7u@webeden.co.uk,982-188-5574
CSC142c,165347,Patinkin,Jamie,jpatinkin7v@gizmodo.com,242-945-6867
CSC142c,118984,Zieme,Oneida,ozieme7w@purevolume.com,228-192-2752
CSC142c,224694,Rebbeck,Urbanus,urebbeck7x@guardian.co.uk,723-910-7532
CSC142c,265865,Caverhill,Gennie,gcaverhill7y@netlog.com,430-223-1371
CSC142c,187754,Westraw,Horatia,hwestraw7z@zimbio.com,324-992-0081
CSC142c,161491,Averay,Anthe,aaveray80@trellian.com,124-523-1444
CSC142c,209699,MacKellar,Jenilee,jmackellar81@army.mil,778-331-6029
CSC142c,172085,Upchurch,Borden,bupchurch82@ovh.net,557-710-5315
CSC142c,139626,Dantesia,Inge,idantesia83@businessinsider.com,916-900-0147
CSC142c,232936,Jones,Aurthur,ajones84@tmall.com,124-556-6901
CSC142c,140984,Tyreman,Karry,ktyreman85@xinhuanet.com,761-285-5330
CSC142d,223671,Dole,Bradley,bdole86@vkontakte.ru,378-580-6887
CSC142d,133391,Janoschek,Noach,njanoschek87@amazon.co.jp,601-314-9835
CSC142d,262606,Cokayne,Cherish,ccokayne88@imgur.com,677-203-3955
CSC142d,193750,Mille,Shaughn,smille89@patch.com,303-928-4272
CSC142d,215793,Aslin,Kathe,kaslin8a@apache.org,404-577-8734
CSC142d,196742,Skein,Bondie,bskein8b@g.co,973-611-5341
CSC142d,270216,Ryder,Kerrin,kryder8c@printfriendly.com,664-412-6465
CSC142d,181741,Levesque,Aubrie,alevesque8d@is.gd,705-976-4972
CSC142d,190380,Buckbee,Merry,mbuckbee8e@shutterfly.com,990-937-2201
CSC142d,138632,Milington,Nissy,nmilington8f@studiopress.com,883-970-8228
CSC142d,240203,Pruckner,Mallory,mpruckner8g@uiuc.edu,806-174-5213
CSC142d,172148,Bentson,Tera,tbentson8h@blinklist.com,304-403-8214
CSC142d,215204,Moniker,Carver,cmoniker8i@last.fm,786-452-5419
CSC142d,191346,Stoite,Jacenta,jstoite8j@irs.gov,926-612-3014
CSC142d,179144,Furlow,Lonna,lfurlow8k@pcworld.com,731-356-9477
CSC142d,159667,Blyth,Kariotta,kblyth8l@about.com,702-730-9436
CSC142d,105760,Towndrow,Vivian,vtowndrow8m@whitehouse.gov,555-194-2311
CSC142d,268510,Margrie,Kirbie,kmargrie8n@newyorker.com,715-578-3225
CSC142d,174358,Shields,Dallas,dshields8o@typepad.com,815-522-1776
CSC142d,289615,Newborn,Cassandre,cnewborn8p@aboutads.info,818-365-5647
CSC142d,135288,Arne,Micky,marne8q@webeden.co.uk,685-801-7441
CSC142d,284684,Hovel,Antonino,ahovel8r@zdnet.com,585-411-8084
CSC142d,120130,Rodge,Fay,frodge8s@instagram.com,629-258-9190
CSC142d,241692,Caudelier,Alexi,acaudelier8t@un.org,274-721-8572
CSC142d,264089,Burlay,Wanids,wburlay8u@spiegel.de,843-642-2702
CSC142d,283772,Nutman,Lucky,lnutman8v@a8.net,534-391-4278
CSC143a,119133,Gerssam,Raddy,rgerssam8w@elpais.com,671-866-0420
CSC143a,100338,Bilborough,Winfield,wbilborough8x@nasa.gov,169-325-9275
CSC143a,244234,Gouldbourn,Malinde,mgouldbourn8y@taobao.com,635-914-4630
CSC143a,183004,Cremer,Noemi,ncremer8z@statcounter.com,783-354-1065
CSC143a,253299,Petracchi,Candis,cpetracchi90@berkeley.edu,704-727-3345
CSC143a,127489,Laugier,Dena,dlaugier91@meetup.com,603-990-8773
CSC143a,105912,Templar,Gerhard,gtemplar92@usnews.com,772-891-1633
CSC143a,166390,Nesterov,Meggy,mnesterov93@aol.com,636-654-9845
CSC143a,116560,Grieg,Carol-jean,cgrieg94@google.ca,512-177-9938
CSC143a,181723,Shottin,Averyl,ashottin95@patch.com,258-980-9936
CSC143a,291043,Sweeney,Elisa,esweeney96@earthlink.net,183-483-7357
CSC143a,179528,Hacon,Aarika,ahacon97@geocities.com,868-122-6137
CSC143a,178494,Ronaghan,Shelli,sronaghan98@parallels.com,746-637-3287
CSC143a,101279,Readett,Helen-elizabeth,hreadett99@over-blog.com,803-723-0559
CSC143a,222048,Tatteshall,Kimble,ktatteshall9a@weibo.com,568-454-8159
CSC143a,186072,Kegg,Eryn,ekegg9b@nbcnews.com,339-137-8847
CSC143a,241282,D'Alesio,Ignacius,idalesio9c@reverbnation.com,189-246-8984
CSC143a,184048,Thackham,Roxy,rthackham9d@geocities.com,597-196-9188
CSC143a,270986,Sopp,Joly,jsopp9e@unblog.fr,524-678-2724
CSC143a,235435,Marcone,Ekaterina,emarcone9f@irs.gov,917-121-6593
CSC143a,195547,Dioniso,Lelah,ldioniso9g@1688.com,416-480-6531
CSC143a,257762,Million,Lisetta,lmillion9h@usda.gov,179-218-2054
CSC143a,212508,Bodsworth,Amber,abodsworth9i@nifty.com,945-130-3652
CSC143a,289494,Tann,Vincent,vtann9j@miibeian.gov.cn,435-670-6424
CSC143a,209707,Wedlake,Caryl,cwedlake9k@toplist.cz,785-853-7174
CSC143a,231011,Stains,Thorndike,tstains9l@gmpg.org,545-985-4811
CSC143a,120305,Ivchenko,Malina,mivchenko9m@booking.com,850-800-2461
CSC143a,107512,Spinelli,Eldon,espinelli9n@nps.gov,792-501-4719
CSC143a,241999,Weich,Freddie,fweich9o@discuz.net,593-696-2549
CSC143a,250870,Truman,Merilyn,mtruman9p@tuttocitta.it,889-753-9386
CSC143b,232638,Keemer,Aime,akeemer9q@howstuffworks.com,950-401-6118
CSC143b,255464,Forsey,Rahel,rforsey9r@reference.com,105-395-7843
CSC143b,214402,Cuff,Clemence,ccuff9s@sciencedaily.com,193-360-5847
CSC143b,223468,MacWhan,Junia,jmacwhan9t@vk.com,240-960-9993
CSC143b,296081,Tatterton,Florian,ftatterton9u@cnn.com,793-521-4340
CSC143b,259838,Brickstock,Odetta,obrickstock9v@altervista.org,677-907-0973
CSC143b,214342,Pearcy,Redford,rpearcy9w@hp.com,829-129-8948
CSC143b,230427,Tewelson,Mabelle,mtewelson9x@wikispaces.com,667-926-0937
CSC143b,146208,Christophle,Doretta,dchristophle9y@ovh.net,395-960-8011
CSC143b,117320,Danton,Anastasia,adanton9z@un.org,247-675-7760
CSC143b,203083,Kenworth,Laureen,lkenwortha0@unblog.fr,838-758-3009
CSC143b,129177,Daye,Joycelin,jdayea1@cmu.edu,715-401-0794
CSC143b,110766,McGunley,Stefan,smcgunleya2@de.vu,569-997-2639
CSC143b,194638,Chamberlaine,Serena,schamberlainea3@yahoo.co.jp,323-524-6045
CSC143b,203983,De Benedictis,Jody,jdebenedictisa4@nps.gov,275-487-5758
CSC143b,142193,Haggerston,Gaven,ghaggerstona5@mayoclinic.com,544-119-7719
CSC143b,184840,Dullard,Broderic,bdullarda6@stumbleupon.com,251-268-2979
CSC143b,164577,Thairs,Auria,athairsa7@nytimes.com,207-448-6783
CSC143b,213283,Daily,Bowie,bdailya8@bravesites.com,144-674-5123
CSC143b,182681,Franschini,Armstrong,afranschinia9@hubpages.com,485-712-3537
CSC143b,122654,Fairfoot,Drusilla,dfairfootaa@dell.com,894-577-7850
CSC143b,151919,Skill,Marshall,mskillab@spiegel.de,780-743-2392
CSC143b,248328,Najara,Ansley,anajaraac@a8.net,895-419-1397
CSC143b,188667,Rubinsohn,Natala,nrubinsohnad@house.gov,733-565-0025
CSC143b,218902,Chellingworth,Sybille,schellingworthae@dion.ne.jp,667-463-8911
CSC143b,245021,Fairbrass,Angy,afairbrassaf@qq.com,289-472-6914
CSC143c,272850,Mc Caughan,Marlie,mmccaughanag@vkontakte.ru,267-790-4626
CSC143c,142150,McIvor,Collette,cmcivorah@jiathis.com,322-317-9351
CSC143c,220604,Newall,Quinta,qnewallai@virginia.edu,642-528-5026
CSC143c,296262,Rielly,Fabiano,friellyaj@miibeian.gov.cn,546-517-8376
CSC143c,251015,Clemon,Roxine,rclemonak@oracle.com,175-316-5696
CSC143c,250803,Briars,Hilarius,hbriarsal@sbwire.com,415-672-8764
CSC143c,153079,Fydo,Ingamar,ifydoam@marketwatch.com,437-221-6677
CSC143c,117079,Blundin,Tarrance,tblundinan@oakley.com,506-480-1162
CSC143c,117755,Cockrill,Benedetta,bcockrillao@scribd.com,483-518-4311
CSC143c,162137,McMains,Reamonn,rmcmainsap@dedecms.com,208-451-6233
CSC143c,142006,Grigoriscu,Rich,rgrigoriscuaq@cloudflare.com,161-104-0924
CSC143c,254412,Ridder,Baird,bridderar@simplemachines.org,328-550-2062
CSC143c,169843,Beardsell,Hester,hbeardsellas@plala.or.jp,162-107-5253
CSC143c,197465,Hoston,Marlo,mhostonat@senate.gov,689-746-7437
CSC143c,176473,Sousa,Joella,jsousaau@smh.com.au,834-252-2284
CSC143c,137058,Austing,Trina,taustingav@ustream.tv,474-683-9438
CSC143c,258578,Carratt,Mackenzie,mcarrattaw@hp.com,500-912-3006
CSC143c,267078,Neary,Winthrop,wnearyax@furl.net,926-510-9927
CSC143c,125223,Yaakov,Rosamund,ryaakovay@stumbleupon.com,732-526-0251
CSC143c,224053,Duiguid,Freddi,fduiguidaz@ed.gov,344-195-7450
CSC143c,142253,Dyble,Adolpho,adybleb0@cloudflare.com,948-989-8608
CSC143c,113607,Decker,Kitty,kdeckerb1@abc.net.au,992-239-1609
CSC143c,124722,Messier,Enrichetta,emessierb2@eventbrite.com,830-808-8173
CSC143c,268596,Ayto,Iver,iaytob3@dailymail.co.uk,821-839-6431
CSC143c,257608,Wheowall,Marillin,mwheowallb4@europa.eu,623-702-7519
CSC143c,297014,Lowdwell,Errol,elowdwellb5@amazon.co.jp,975-550-9426
CSC143c,163584,Harrald,Hillery,hharraldb6@telegraph.co.uk,713-763-8417
